{"alpha": 0.95, "accuracy": [0.473323589293159, 0.4758946204595322, 0.481128103845626, 0.48319928075128066, 0.48414388643767836, 0.4827677008418509, 0.48198376779947544, 0.4824183643553219, 0.47940968472718193, 0.47760922710265097, 0.47647288634482166, 0.4740509586547724, 0.4708103912160781, 0.46716084600656843, 0.4601197584722677, 0.4493375988301972, 0.4351652669374172, 0.4156442947174968, 0.3926539112524005], "precision": [0.46893751131376515, 0.4731107938427487, 0.4761124657677643, 0.4764409777820041, 0.47636386535348646, 0.47854710911917947, 0.48066965864591304, 0.4821896972101847, 0.48552384638341506, 0.4894238424880619, 0.4931891663709105, 0.4977275292419841, 0.5018250249701586, 0.5031186286941602, 0.5058776273039661, 0.503578611400489, 0.4995603849424321, 0.4399841071261944, 0.43176514132219374], "recall": [0.5040155543280311, 0.5065011409443183, 0.510831783546778, 0.5126730954090162, 0.5132897072550462, 0.5122194147518249, 0.5103990402760246, 0.5093168297165926, 0.5053059976904735, 0.5029185596435193, 0.502169867666285, 0.5005130226078167, 0.49732260391628824, 0.49244987958257624, 0.4861282592880536, 0.47651628356547115, 0.46416874688516624, 0.45015193221529193, 0.43121016118439154], "f1": [0.4419060027558796, 0.44357987082111794, 0.44689574954399536, 0.44712446799780486, 0.4465433991057731, 0.4449359690391912, 0.4432834797562285, 0.4406328051005707, 0.43485553921296694, 0.4313411066463354, 0.4288950326595963, 0.4258174711637331, 0.4205063137225305, 0.41259429440068696, 0.4027382200309152, 0.38794608999376873, 0.3709728991852613, 0.3486319105146772, 0.3210205004597648]}